--
-- PostgreSQL database dump
--

\restrict olLDOPHnZDSmzKXElkuil6xuaPohj3Df8L6R1m8KY2RCLapAIDt8acem2RpZgZ6

-- Dumped from database version 18.3
-- Dumped by pg_dump version 18.2

-- Started on 2026-04-24 15:13:06

SET statement_timeout = 0;
SET lock_timeout = 0;
SET idle_in_transaction_session_timeout = 0;
SET transaction_timeout = 0;
SET client_encoding = 'UTF8';
SET standard_conforming_strings = on;
SELECT pg_catalog.set_config('search_path', '', false);
SET check_function_bodies = false;
SET xmloption = content;
SET client_min_messages = warning;
SET row_security = off;

--
-- TOC entry 4 (class 2615 OID 2200)
-- Name: public; Type: SCHEMA; Schema: -; Owner: pg_database_owner
--

CREATE SCHEMA public;


ALTER SCHEMA public OWNER TO pg_database_owner;

--
-- TOC entry 5057 (class 0 OID 0)
-- Dependencies: 4
-- Name: SCHEMA public; Type: COMMENT; Schema: -; Owner: pg_database_owner
--

COMMENT ON SCHEMA public IS 'standard public schema';


SET default_tablespace = '';

SET default_table_access_method = heap;

--
-- TOC entry 220 (class 1259 OID 24776)
-- Name: car; Type: TABLE; Schema: public; Owner: admin
--

CREATE TABLE public.car (
    id bigint NOT NULL,
    fuel_spent_ytd double precision,
    odometer_current bigint,
    odometer_start_year bigint,
    plate_number character varying(255) NOT NULL,
    tank_capacity double precision,
    model_id bigint,
    driver_id bigint
);


ALTER TABLE public.car OWNER TO admin;

--
-- TOC entry 219 (class 1259 OID 24775)
-- Name: car_id_seq; Type: SEQUENCE; Schema: public; Owner: admin
--

ALTER TABLE public.car ALTER COLUMN id ADD GENERATED BY DEFAULT AS IDENTITY (
    SEQUENCE NAME public.car_id_seq
    START WITH 1
    INCREMENT BY 1
    NO MINVALUE
    NO MAXVALUE
    CACHE 1
);


--
-- TOC entry 222 (class 1259 OID 24784)
-- Name: car_models; Type: TABLE; Schema: public; Owner: admin
--

CREATE TABLE public.car_models (
    id bigint NOT NULL,
    annual_limit double precision,
    fuel_norm double precision,
    name character varying(255) NOT NULL,
    type character varying(255),
    fuel_id bigint,
    CONSTRAINT car_models_type_check CHECK (((type)::text = ANY ((ARRAY['LIGHT'::character varying, 'HEAVY'::character varying])::text[])))
);


ALTER TABLE public.car_models OWNER TO admin;

--
-- TOC entry 221 (class 1259 OID 24783)
-- Name: car_models_id_seq; Type: SEQUENCE; Schema: public; Owner: admin
--

ALTER TABLE public.car_models ALTER COLUMN id ADD GENERATED BY DEFAULT AS IDENTITY (
    SEQUENCE NAME public.car_models_id_seq
    START WITH 1
    INCREMENT BY 1
    NO MINVALUE
    NO MAXVALUE
    CACHE 1
);


--
-- TOC entry 224 (class 1259 OID 24795)
-- Name: drivers; Type: TABLE; Schema: public; Owner: admin
--

CREATE TABLE public.drivers (
    id bigint NOT NULL,
    first_name character varying(255),
    last_name character varying(255),
    license_number character varying(255),
    phone_number character varying(255)
);


ALTER TABLE public.drivers OWNER TO admin;

--
-- TOC entry 223 (class 1259 OID 24794)
-- Name: drivers_id_seq; Type: SEQUENCE; Schema: public; Owner: admin
--

ALTER TABLE public.drivers ALTER COLUMN id ADD GENERATED BY DEFAULT AS IDENTITY (
    SEQUENCE NAME public.drivers_id_seq
    START WITH 1
    INCREMENT BY 1
    NO MINVALUE
    NO MAXVALUE
    CACHE 1
);


--
-- TOC entry 226 (class 1259 OID 24804)
-- Name: fuel; Type: TABLE; Schema: public; Owner: admin
--

CREATE TABLE public.fuel (
    id bigint NOT NULL,
    current_stock double precision,
    name character varying(255),
    price_per_liter double precision,
    total_capacity double precision
);


ALTER TABLE public.fuel OWNER TO admin;

--
-- TOC entry 225 (class 1259 OID 24803)
-- Name: fuel_id_seq; Type: SEQUENCE; Schema: public; Owner: admin
--

ALTER TABLE public.fuel ALTER COLUMN id ADD GENERATED BY DEFAULT AS IDENTITY (
    SEQUENCE NAME public.fuel_id_seq
    START WITH 1
    INCREMENT BY 1
    NO MINVALUE
    NO MAXVALUE
    CACHE 1
);


--
-- TOC entry 228 (class 1259 OID 24811)
-- Name: fuel_transactions; Type: TABLE; Schema: public; Owner: admin
--

CREATE TABLE public.fuel_transactions (
    id bigint NOT NULL,
    fuel_amount double precision,
    odometer_at_refill bigint,
    transaction_date timestamp(6) without time zone,
    car_id bigint
);


ALTER TABLE public.fuel_transactions OWNER TO admin;

--
-- TOC entry 227 (class 1259 OID 24810)
-- Name: fuel_transactions_id_seq; Type: SEQUENCE; Schema: public; Owner: admin
--

ALTER TABLE public.fuel_transactions ALTER COLUMN id ADD GENERATED BY DEFAULT AS IDENTITY (
    SEQUENCE NAME public.fuel_transactions_id_seq
    START WITH 1
    INCREMENT BY 1
    NO MINVALUE
    NO MAXVALUE
    CACHE 1
);


--
-- TOC entry 5043 (class 0 OID 24776)
-- Dependencies: 220
-- Data for Name: car; Type: TABLE DATA; Schema: public; Owner: admin
--

INSERT INTO public.car (id, fuel_spent_ytd, odometer_current, odometer_start_year, plate_number, tank_capacity, model_id, driver_id) VALUES (2, 0, 50000, 50000, '01B888BB', 65, 2, 4);
INSERT INTO public.car (id, fuel_spent_ytd, odometer_current, odometer_start_year, plate_number, tank_capacity, model_id, driver_id) VALUES (3, 0, 200000, 200000, '01C999CC', 100, 3, 1);
INSERT INTO public.car (id, fuel_spent_ytd, odometer_current, odometer_start_year, plate_number, tank_capacity, model_id, driver_id) VALUES (1, 50, 100500, 100000, '01A777AA', 45, 1, 3);
INSERT INTO public.car (id, fuel_spent_ytd, odometer_current, odometer_start_year, plate_number, tank_capacity, model_id, driver_id) VALUES (6, 50, 50100, 50000, '01K426AA', 300, 4, 2);


--
-- TOC entry 5045 (class 0 OID 24784)
-- Dependencies: 222
-- Data for Name: car_models; Type: TABLE DATA; Schema: public; Owner: admin
--

INSERT INTO public.car_models (id, annual_limit, fuel_norm, name, type, fuel_id) VALUES (1, 22000, 10, 'Chevrolet Nexia-3', 'LIGHT', 1);
INSERT INTO public.car_models (id, annual_limit, fuel_norm, name, type, fuel_id) VALUES (2, 20000, 14, 'Chevrolet Captiva', 'LIGHT', 3);
INSERT INTO public.car_models (id, annual_limit, fuel_norm, name, type, fuel_id) VALUES (3, 80000, 14, 'Isuzu NP 21', 'HEAVY', 4);
INSERT INTO public.car_models (id, annual_limit, fuel_norm, name, type, fuel_id) VALUES (4, 40000, 32, 'Kamaz-4326', 'HEAVY', 4);


--
-- TOC entry 5047 (class 0 OID 24795)
-- Dependencies: 224
-- Data for Name: drivers; Type: TABLE DATA; Schema: public; Owner: admin
--

INSERT INTO public.drivers (id, first_name, last_name, license_number, phone_number) VALUES (1, 'Javlon', 'Umarov', 'AA157766', '+998946534853');
INSERT INTO public.drivers (id, first_name, last_name, license_number, phone_number) VALUES (2, 'Sardor', 'Oripov', 'AA157556', '+998946534433');
INSERT INTO public.drivers (id, first_name, last_name, license_number, phone_number) VALUES (3, 'Alisher', 'Salimov', 'AA156256', '+998978834433');
INSERT INTO public.drivers (id, first_name, last_name, license_number, phone_number) VALUES (4, 'Dilshod', 'Valijonov', 'AA159916', '+998978895563');


--
-- TOC entry 5049 (class 0 OID 24804)
-- Dependencies: 226
-- Data for Name: fuel; Type: TABLE DATA; Schema: public; Owner: admin
--

INSERT INTO public.fuel (id, current_stock, name, price_per_liter, total_capacity) VALUES (2, 5000, 'AI-95', 14450, 10000);
INSERT INTO public.fuel (id, current_stock, name, price_per_liter, total_capacity) VALUES (3, 3000, 'AI-100', 19500, 10000);
INSERT INTO public.fuel (id, current_stock, name, price_per_liter, total_capacity) VALUES (1, 4950, 'AI-92', 12400, 10000);
INSERT INTO public.fuel (id, current_stock, name, price_per_liter, total_capacity) VALUES (4, 6950, 'Dizel', 13000, 10000);


--
-- TOC entry 5051 (class 0 OID 24811)
-- Dependencies: 228
-- Data for Name: fuel_transactions; Type: TABLE DATA; Schema: public; Owner: admin
--

INSERT INTO public.fuel_transactions (id, fuel_amount, odometer_at_refill, transaction_date, car_id) VALUES (1, 50, 100500, '2026-04-24 14:46:36.563263', 1);
INSERT INTO public.fuel_transactions (id, fuel_amount, odometer_at_refill, transaction_date, car_id) VALUES (2, 50, 50100, '2026-04-24 15:08:47.151191', 6);


--
-- TOC entry 5058 (class 0 OID 0)
-- Dependencies: 219
-- Name: car_id_seq; Type: SEQUENCE SET; Schema: public; Owner: admin
--

SELECT pg_catalog.setval('public.car_id_seq', 6, true);


--
-- TOC entry 5059 (class 0 OID 0)
-- Dependencies: 221
-- Name: car_models_id_seq; Type: SEQUENCE SET; Schema: public; Owner: admin
--

SELECT pg_catalog.setval('public.car_models_id_seq', 4, true);


--
-- TOC entry 5060 (class 0 OID 0)
-- Dependencies: 223
-- Name: drivers_id_seq; Type: SEQUENCE SET; Schema: public; Owner: admin
--

SELECT pg_catalog.setval('public.drivers_id_seq', 4, true);


--
-- TOC entry 5061 (class 0 OID 0)
-- Dependencies: 225
-- Name: fuel_id_seq; Type: SEQUENCE SET; Schema: public; Owner: admin
--

SELECT pg_catalog.setval('public.fuel_id_seq', 4, true);


--
-- TOC entry 5062 (class 0 OID 0)
-- Dependencies: 227
-- Name: fuel_transactions_id_seq; Type: SEQUENCE SET; Schema: public; Owner: admin
--

SELECT pg_catalog.setval('public.fuel_transactions_id_seq', 2, true);


--
-- TOC entry 4882 (class 2606 OID 24793)
-- Name: car_models car_models_pkey; Type: CONSTRAINT; Schema: public; Owner: admin
--

ALTER TABLE ONLY public.car_models
    ADD CONSTRAINT car_models_pkey PRIMARY KEY (id);


--
-- TOC entry 4878 (class 2606 OID 24782)
-- Name: car car_pkey; Type: CONSTRAINT; Schema: public; Owner: admin
--

ALTER TABLE ONLY public.car
    ADD CONSTRAINT car_pkey PRIMARY KEY (id);


--
-- TOC entry 4886 (class 2606 OID 24802)
-- Name: drivers drivers_pkey; Type: CONSTRAINT; Schema: public; Owner: admin
--

ALTER TABLE ONLY public.drivers
    ADD CONSTRAINT drivers_pkey PRIMARY KEY (id);


--
-- TOC entry 4888 (class 2606 OID 24809)
-- Name: fuel fuel_pkey; Type: CONSTRAINT; Schema: public; Owner: admin
--

ALTER TABLE ONLY public.fuel
    ADD CONSTRAINT fuel_pkey PRIMARY KEY (id);


--
-- TOC entry 4890 (class 2606 OID 24816)
-- Name: fuel_transactions fuel_transactions_pkey; Type: CONSTRAINT; Schema: public; Owner: admin
--

ALTER TABLE ONLY public.fuel_transactions
    ADD CONSTRAINT fuel_transactions_pkey PRIMARY KEY (id);


--
-- TOC entry 4880 (class 2606 OID 24818)
-- Name: car uk2gfvvsmou1h7wy4atxx6u2jkw; Type: CONSTRAINT; Schema: public; Owner: admin
--

ALTER TABLE ONLY public.car
    ADD CONSTRAINT uk2gfvvsmou1h7wy4atxx6u2jkw UNIQUE (plate_number);


--
-- TOC entry 4884 (class 2606 OID 24820)
-- Name: car_models ukekxt2cs55k69mc7x21sknwg51; Type: CONSTRAINT; Schema: public; Owner: admin
--

ALTER TABLE ONLY public.car_models
    ADD CONSTRAINT ukekxt2cs55k69mc7x21sknwg51 UNIQUE (name);


--
-- TOC entry 4894 (class 2606 OID 24836)
-- Name: fuel_transactions fka346b10tbd62ybpce7wdc75df; Type: FK CONSTRAINT; Schema: public; Owner: admin
--

ALTER TABLE ONLY public.fuel_transactions
    ADD CONSTRAINT fka346b10tbd62ybpce7wdc75df FOREIGN KEY (car_id) REFERENCES public.car(id);


--
-- TOC entry 4891 (class 2606 OID 24821)
-- Name: car fkkmuvrhtxqomjslbku05n55vtb; Type: FK CONSTRAINT; Schema: public; Owner: admin
--

ALTER TABLE ONLY public.car
    ADD CONSTRAINT fkkmuvrhtxqomjslbku05n55vtb FOREIGN KEY (model_id) REFERENCES public.car_models(id);


--
-- TOC entry 4892 (class 2606 OID 24826)
-- Name: car fkn2jxay79x518impgky37vkaod; Type: FK CONSTRAINT; Schema: public; Owner: admin
--

ALTER TABLE ONLY public.car
    ADD CONSTRAINT fkn2jxay79x518impgky37vkaod FOREIGN KEY (driver_id) REFERENCES public.drivers(id);


--
-- TOC entry 4893 (class 2606 OID 24831)
-- Name: car_models fks4ji3mgrisjg96cive8r9p3n6; Type: FK CONSTRAINT; Schema: public; Owner: admin
--

ALTER TABLE ONLY public.car_models
    ADD CONSTRAINT fks4ji3mgrisjg96cive8r9p3n6 FOREIGN KEY (fuel_id) REFERENCES public.fuel(id);


-- Completed on 2026-04-24 15:13:07

--
-- PostgreSQL database dump complete
--

\unrestrict olLDOPHnZDSmzKXElkuil6xuaPohj3Df8L6R1m8KY2RCLapAIDt8acem2RpZgZ6

